Jogadores,,
Max Abmas,,
Oral Roberts,,
Josiah Agnew,,
Fardaws Aimaq,,
Warith Alatishe,,
Santi Aldama,,
Derrick Alston Jr.,,
Keve Aluma,,
Jose Alvarado,,
Jonah Antonio,,
Joel Ayayi,,
North Carolina,,
Jonathan Baehre,,
Mitch Ballock,,
Dalano Banton,,
Scottie Barnes,,
Charles Bassey,,
Troy Baxter Jr.,,
Giorgi Bezhanishvili,,
Chudier Bile,,
Jahvon Blair,,
Issac Bonton,,
Brandon Boston Jr.,,
James Bouknight,,
Pedro Bradshaw,,
Chaundee Brown,,
Dalonte Brown,,
Greg Brown III,,
Marcus Burk,,
D.J. Burns Jr.,,
Jordan Burns,,
Jared Butler,,
Manny Camper,,
Nahziah Carter,,
D.J. Carton,,
Justin Champagnie,,
Arinze Chidom,,
Josh Christopher,,
Kofi Cockburn,,
Matt Coleman III,,
Sharife Cooper,,
Trevion Crews,,
TJ Crockett,,
Jalen Crutcher,,
Derek Culver,,
Sam Cunliffe,,
Cade Cunningham,,
Ryan Daly,,
Zaccheus Darko-Kelly,,
Oscar da Silva,,
Darius Days,,
Cartier Diarra,,
Marek Dolezaj,,
Ayo Dosunmu,,
Chris Duarte,,
Ian DuBose,,
David Duke Jr.,,
Juwan Durham,,
Tahj Eaddy,,
Nojel Eastern,,
Kessler Edwards,,
Lydell Elmore,,
Navar Elmore,,
Tyson Etienne,,
Romeao Ferguson,,
LJ Figueroa,,
Aleem Ford,,
Blake Francis,,
Hasahn French,,
D.J. Funderburk,,
Ty Gadsden,,
Gorjok Gak,,
Marcus Garrett,,
Luka Garza,,
Samson George,,
Asante Gist,,
Terrell Gomez,,
Jordan Goodwin,,
Justin Gorham,,
Elyjah Goss,,
Jayvon Graves,,
RaiQuan Gray,,
Quade Green,,
Patrick Greene Jr.,,
Alan Griffin,,
Quentin Grimes,,
Matt Haarms,,
Jordan Hall,,
Bryce Hamilton,,
Javion Hamlet,,
Deion Hammond,,
Amauri Hardy,,
Romio Harvey,,
Sam Hauser,,
Aaron Henry,,
Kashaun Hicks,,
Taveion Hollingsworth,,
Trevor Hudgins,,
Jay Huff,,
Anthony Hughes Jr.,,
Feron Hunt,,
Matthew Hurt,,
Nah'Shon Hyland,,
Isaiah Jackson,,
Jhivvan Jackson,,
Loren Cristian,,
Casdon Jardine,,
DeJon Jarreau,,
Tristan Jarrett,,
Justin Jaworski,,
David Jean-Baptiste,,
Damien Jefferson,,
Bryson Johnson,,
David Johnson,,
Jalen Johnson,,
Jalen Johnson,,
Keon Johnson,,
Carlik Jones,,
Christiaan Jones,,
Herbert Jones,,
Kai Jones,,
Johnny Juzang,,
Corey Kispert,,
Balsa Koprivica,,
Cameron Krutwig,,
Kameron Langley,,
AJ Lawson,,
Matt Lewis,,
Scottie Lewis,,
Spencer Littleson,,
Isaiah Livers,,
Jaizec Lottie,,
Loudon Love,,
Denzel Mahoney,,
Makur Maker,,
Makuach Maluach,,
Sandro Mamukelashvili,,
Kyle Mangas,,
Tre Mann,,
Miles McBride,,
Mac McClung,,
Kameron McGusty,,
JaQuori McLaughlinr,,
Jadyn Michael,,
Asbjorn Midtgaard,,
Isaiah Miller,,
Damek Mitchell,,
Davion Mitchell,,
Matt Mitchell,,
Evan Mobley,,
Ruot Monyyong,,
Moses Moody,,
Clay Mounce,,
Matthew Moyer,,
Issa Muhammad,,
Trey Murphy III,,
RJ Nembhard,,
Barra Njie,,
Obadiah Noel,,
Joel Ntambwe,,
Kobi Nwandu,,
Kevin Obanor,,
Eugene Omoruyi,,
EJ Onu,,
Chris Parker,,
Darius Perry,,
Jock Perry,,
John Petty Jr.,,
Jordan Phillips,,
Jamorko Pickett,,
Danny Pippen,,
Scotty Pippen Jr.,,
Yves Pons,,
Micah Potter,,
Jason Preston,,
Joshua Primo,,
Neemias Queta,,
Brandon Rachal,,
Austin Reaves,,
Alex Reese,,
Antonio Reeves,,
Nate Reuvers,,
Jeremiah Robinson-Earl,,
Orlando Robinson,,
Elvin Rodriguez,,
Colbey Ross,,
Damion Rosser,,
Shawn Royal Jr.,,
Olivier Sarr,,
Jordan Schakel,,
Ronaldo Segu,,
Jaden Shackelford,,
Day'Ron Sharpe,,
Taz Sherman,,
Devontae Shuler,,
Aamir Simms,,
Jericho Sims,,
Javonte Smart,,
Chris Smith,,
Dru Smith,,
Justin Smith,,
Mike Smith,,
Jaden Springer,,
TJ Starks,,
DJ Steward,,
D.J. Stewart Jr.,,
Jalen Suggs,,
Anthony Tarke,,
Jalen Tate,,
Maleek Taylor,,
Terry Taylor,,
MaCio Teague,,
Christian Terrell,,
Cameron Thomas,,
Koby Thomas,,
Ethan Thompson,,
JT Thor,,
Jeremiah Tilmon,,
Clyde Trapp,,
D'Mitrik Trice,,
Jordy Tshimanga,,
Justin Turner,,
Chandler Vaudrin,,
Alonzo Verge Jr.,,
Eric Vila,,
Mark Vital,,
Franz Wagner,,
Kyree Walker,,
M.J. Walker,,
Keaton Wallace,,
Josh Washburn,,
Duane Washington Jr.,,
Isaiah Washington,,
Richard Washington Jr.,,
Trendon Watford,,
Romeo Weems,,
Fabian White Jr.,,
Romello White,,
Devin Whitfield,,
Joe Wieskamp,,
Aaron Wiggins,,
Brandon Williams,,
Keith Williams,,
Trevion Williams,,
Ziaire Williams,,
Bryce Wills,,
McKinley Wright IV,,
Moses Wright,,
Jacob Young,,
Marcus Zegarowski,,
